http://biblioln.es/2014/04/dia-del-libro-2014/,http://biblioln.es/posts/2014/04/dia-del-libro-2014.html
http://biblioln.es/2014/12/taller-de-navidad/,http://biblioln.es/posts/2014/12/taller-de-navidad.html
http://biblioln.es/2013/01/novedades-para-ninos-a-partir-de-10-anos/,http://biblioln.es/posts/2013/01/novedades-para-ninos-a-partir-de-10-anos.html
http://biblioln.es/2014/05/cuentacuentos/,http://biblioln.es/posts/2014/05/cuentacuentos.html
http://biblioln.es/2014/04/viaje-a-toledo-exposicion-el-greco-2014/,http://biblioln.es/posts/2014/04/viaje-a-toledo-exposicion-el-greco-2014.html
http://biblioln.es/2012/06/tormenta-de-espadas-cancion-de-hielo-y-fuego-3-de-george-r-r-martin/,http://biblioln.es/posts/2012/06/tormenta-de-espadas-cancion-de-hielo-y-fuego-3-de-george-r-r-martin.html
http://biblioln.es/2015/05/celebracion-dia-del-libro-2015-en-la-biblioteca/,http://biblioln.es/posts/2015/05/celebracion-dia-del-libro-2015-en-la-biblioteca.html
http://biblioln.es/2012/02/12-razones-para-amar-las-bibliotecas-publicas/,http://biblioln.es/posts/2012/02/12-razones-para-amar-las-bibliotecas-publicas.html
http://biblioln.es/2013/01/novedades-para-adultos-2/,http://biblioln.es/posts/2013/01/novedades-para-adultos-2.html
http://biblioln.es/2014/02/presentacion-del-libro-el-amuleto-de-abraxas-del-autor-guillermo-de-los-mozos-alventosa/,http://biblioln.es/posts/2014/02/presentacion-del-libro-el-amuleto-de-abraxas-del-autor-guillermo-de-los-mozos-alventosa.html
http://biblioln.es/2014/04/tarde-de-poesia-con-mo-antonia-ricas-peces/,http://biblioln.es/posts/2014/04/tarde-de-poesia-con-mo-antonia-ricas-peces.html
http://biblioln.es/2014/11/taller-de-comprension-lectora-5-noviembre/,http://biblioln.es/posts/2014/11/taller-de-comprension-lectora-5-noviembre.html
http://biblioln.es/?p=1171,http://biblioln.es/posts/1171.html
http://biblioln.es/2015/04/cuentacuentos-pep-bruno/,http://biblioln.es/posts/2015/04/cuentacuentos-pep-bruno.html
http://biblioln.es/2013/12/los-viernes-talleres-de-navidad/,http://biblioln.es/posts/2013/12/los-viernes-talleres-de-navidad.html
http://biblioln.es/la-biblioteca-de-los-navalmorales/contacta-con-nosotros/,http://biblioln.es/stories/la-biblioteca-de-los-navalmorales/contacta-con-nosotros.html
http://biblioln.es/2015/03/cronica-de-la-presentacion-de-esencias/,http://biblioln.es/posts/2015/03/cronica-de-la-presentacion-de-esencias.html
http://biblioln.es/?p=1168,http://biblioln.es/posts/1168.html
http://biblioln.es/2015/06/cronica-de-la-conferencia-de-maria-victoria-navas-sanchez-elez/,http://biblioln.es/posts/2015/06/cronica-de-la-conferencia-de-maria-victoria-navas-sanchez-elez.html
http://biblioln.es/2013/06/xv-encuentro-provincial-de-clubes-de-lectura-los-yebenes-2013/,http://biblioln.es/posts/2013/06/xv-encuentro-provincial-de-clubes-de-lectura-los-yebenes-2013.html
http://biblioln.es/2012/10/cuentos-para-disfrutar-y-jugar/,http://biblioln.es/posts/2012/10/cuentos-para-disfrutar-y-jugar.html
http://biblioln.es/2012/02/dibujos-de-la-hora-del-cuento/,http://biblioln.es/posts/2012/02/dibujos-de-la-hora-del-cuento.html
http://biblioln.es/2011/07/comenzamos-a-andar/,http://biblioln.es/posts/2011/07/comenzamos-a-andar.html
http://biblioln.es/2013/08/centro-de-interes-durante-el-mes-de-agosto/,http://biblioln.es/posts/2013/08/centro-de-interes-durante-el-mes-de-agosto.html
http://biblioln.es/2012/03/libros-leidos-en-la-hora-del-cuento-2012/,http://biblioln.es/posts/2012/03/libros-leidos-en-la-hora-del-cuento-2012.html
http://biblioln.es/2013/12/novedades-diciembre-2013/,http://biblioln.es/posts/2013/12/novedades-diciembre-2013.html
http://biblioln.es/2011/08/xiii-encuentro-de-clubes-de-lectura-de-toledo/,http://biblioln.es/posts/2011/08/xiii-encuentro-de-clubes-de-lectura-de-toledo.html
http://biblioln.es/2014/06/taller-de-comprension-lectora/,http://biblioln.es/posts/2014/06/taller-de-comprension-lectora.html
http://biblioln.es/2012/11/las-tardes-de-los-viernes-en-la-biblioteca/,http://biblioln.es/posts/2012/11/las-tardes-de-los-viernes-en-la-biblioteca.html
http://biblioln.es/2013/07/novedades-julio-2013/,http://biblioln.es/posts/2013/07/novedades-julio-2013.html
http://biblioln.es/2012/01/vuelta-de-vacaciones-de-navidad/,http://biblioln.es/posts/2012/01/vuelta-de-vacaciones-de-navidad.html
http://biblioln.es/2015/01/conferencia-impartida-por-ma-soledad-campillo/,http://biblioln.es/posts/2015/01/conferencia-impartida-por-ma-soledad-campillo.html
http://biblioln.es/?p=786,http://biblioln.es/posts/786.html
http://biblioln.es/2012/04/359/,http://biblioln.es/stories/2012/04/359.html
http://biblioln.es/2013/02/unas-fotografias-del-encuentro-con-la-escritora-consolacion-gonzalez-rico/,http://biblioln.es/posts/2013/02/unas-fotografias-del-encuentro-con-la-escritora-consolacion-gonzalez-rico.html
http://biblioln.es/2015/05/taller-de-comprension-lectora-los-10-fantasticos/,http://biblioln.es/posts/2015/05/taller-de-comprension-lectora-los-10-fantasticos.html
http://biblioln.es/2014/12/por-navidad-algunas-novedades/,http://biblioln.es/posts/2014/12/por-navidad-algunas-novedades.html
http://biblioln.es/2012/12/ultimos-libros-recibidos/,http://biblioln.es/posts/2012/12/ultimos-libros-recibidos.html
http://biblioln.es/2013/02/encuentro-con-la-escritora-consolacion-gonzalez-rico/,http://biblioln.es/posts/2013/02/encuentro-con-la-escritora-consolacion-gonzalez-rico.html
http://biblioln.es/2011/11/217/,http://biblioln.es/posts/2011/11/217.html
http://biblioln.es/2012/11/los-abuelos-nos-cuentan-cuentos-2/,http://biblioln.es/posts/2012/11/los-abuelos-nos-cuentan-cuentos-2.html
http://biblioln.es/2011/11/233/,http://biblioln.es/stories/2011/11/233.html
http://biblioln.es/2012/01/comienza-la-hora-del-cuento-2012/,http://biblioln.es/posts/2012/01/comienza-la-hora-del-cuento-2012.html
http://biblioln.es/2011/09/prometeme-que-seras-libre-jorge-molist/,http://biblioln.es/posts/2011/09/prometeme-que-seras-libre-jorge-molist.html
http://biblioln.es/2015/01/1178/,http://biblioln.es/stories/2015/01/1178.html
http://biblioln.es/2013/11/hora-del-cuento-2013-2014/,http://biblioln.es/posts/2013/11/hora-del-cuento-2013-2014.html
http://biblioln.es/2014/10/ebiblio-prestamo-de-libros-electronicos/,http://biblioln.es/posts/2014/10/ebiblio-prestamo-de-libros-electronicos.html
http://biblioln.es/2013/01/fin-de-talleres-en-vacaciones/,http://biblioln.es/posts/2013/01/fin-de-talleres-en-vacaciones.html
http://biblioln.es/2011/08/memoria-del-taller-de-literatura-2010-2011/,http://biblioln.es/posts/2011/08/memoria-del-taller-de-literatura-2010-2011.html
http://biblioln.es/2013/03/todos-los-jueves-a-las-1630-en-la-biblioteca-tenemos-la-hora-del-cuento/,http://biblioln.es/posts/2013/03/todos-los-jueves-a-las-1630-en-la-biblioteca-tenemos-la-hora-del-cuento.html
http://biblioln.es/2012/01/el-puente-de-los-asesinos-arturo-perez-reverte/,http://biblioln.es/posts/2012/01/el-puente-de-los-asesinos-arturo-perez-reverte.html
http://biblioln.es/2013/06/horario-de-verano-2013/,http://biblioln.es/posts/2013/06/horario-de-verano-2013.html
http://biblioln.es/2012/09/novedades-libros-adultos-2/,http://biblioln.es/posts/2012/09/novedades-libros-adultos-2.html
http://biblioln.es/2015/04/teatro-en-la-biblioteca-con-el-grupo-adeltea/,http://biblioln.es/posts/2015/04/teatro-en-la-biblioteca-con-el-grupo-adeltea.html
http://biblioln.es/2014/12/el-taller-de-literatura-celebra-la-navidad/,http://biblioln.es/posts/2014/12/el-taller-de-literatura-celebra-la-navidad.html
http://biblioln.es/2015/06/conferencia-impartida-por-maria-victoria-navas-sanchez-elez/,http://biblioln.es/posts/2015/06/conferencia-impartida-por-maria-victoria-navas-sanchez-elez.html
http://biblioln.es/2011/11/biblioteca-cerrada-por-vacaciones/,http://biblioln.es/posts/2011/11/biblioteca-cerrada-por-vacaciones.html
http://biblioln.es/2015/03/presentacion-del-libro-esencias/,http://biblioln.es/posts/2015/03/presentacion-del-libro-esencias.html
http://biblioln.es/2011/10/inscripcion-al-taller-de-literatura-2011-2012/,http://biblioln.es/posts/2011/10/inscripcion-al-taller-de-literatura-2011-2012.html
http://biblioln.es/2015/02/conferencia-homenaje-a-antonio-machado-en-el-76-aniversario-de-su-muerte/,http://biblioln.es/posts/2015/02/conferencia-homenaje-a-antonio-machado-en-el-76-aniversario-de-su-muerte.html
http://biblioln.es/2013/03/tres-nuevos-libros-incorporados-al-catalogo-de-la-biblioteca/,http://biblioln.es/posts/2013/03/tres-nuevos-libros-incorporados-al-catalogo-de-la-biblioteca.html
http://biblioln.es/2013/04/actividades-del-dia-del-libro/,http://biblioln.es/posts/2013/04/actividades-del-dia-del-libro.html
http://biblioln.es/2014/07/xvi-encuentro-provincial-de-clubes-de-lectura/,http://biblioln.es/posts/2014/07/xvi-encuentro-provincial-de-clubes-de-lectura.html
http://biblioln.es/2014/10/hora-del-cuento-2014-2015/,http://biblioln.es/posts/2014/10/hora-del-cuento-2014-2015.html
http://biblioln.es/2013/11/club-de-lectura-infantil/,http://biblioln.es/posts/2013/11/club-de-lectura-infantil.html
http://biblioln.es/2012/06/mis-amigos-tigger-pooh-para-todo-el-ano/,http://biblioln.es/posts/2012/06/mis-amigos-tigger-pooh-para-todo-el-ano.html
http://biblioln.es/2011/12/cronica-y-agradecimiento-conferencia-de-jose-maria-bravo-profesor-de-enologia/,http://biblioln.es/posts/2011/12/cronica-y-agradecimiento-conferencia-de-jose-maria-bravo-profesor-de-enologia.html
http://biblioln.es/2014/07/hemos-comenzado-con-el-taller-de-comprension-lectora/,http://biblioln.es/posts/2014/07/hemos-comenzado-con-el-taller-de-comprension-lectora.html
http://biblioln.es/2015/02/club-de-lectura-juvenil/,http://biblioln.es/posts/2015/02/club-de-lectura-juvenil.html
http://biblioln.es/2012/06/410/,http://biblioln.es/posts/2012/06/410.html
http://biblioln.es/2014/02/taller-de-carnaval/,http://biblioln.es/posts/2014/02/taller-de-carnaval.html
http://biblioln.es/2013/09/club-de-lectura-infantil-verano-2013/,http://biblioln.es/posts/2013/09/club-de-lectura-infantil-verano-2013.html
http://biblioln.es/2015/04/novedades-literatura-infantil/,http://biblioln.es/posts/2015/04/novedades-literatura-infantil.html
http://biblioln.es/2012/03/libro-y-articulo-en-memoria-de-anabel-medez/,http://biblioln.es/posts/2012/03/libro-y-articulo-en-memoria-de-anabel-medez.html
http://biblioln.es/2015/01/retomamos-las-actividades-de-animacion-a-la-lectura/,http://biblioln.es/posts/2015/01/retomamos-las-actividades-de-animacion-a-la-lectura.html
http://biblioln.es/2015/04/dia-del-libro-2015/,http://biblioln.es/posts/2015/04/dia-del-libro-2015.html
http://biblioln.es/2012/02/encuentro-con-el-actor-paco-torres/,http://biblioln.es/posts/2012/02/encuentro-con-el-actor-paco-torres.html
http://biblioln.es/2012/06/visita-al-palacio-de-galiana/,http://biblioln.es/posts/2012/06/visita-al-palacio-de-galiana.html
http://biblioln.es/2012/04/encuentro-con-el-actor-y-autor-paco-torres/,http://biblioln.es/posts/2012/04/encuentro-con-el-actor-y-autor-paco-torres.html
http://biblioln.es/2012/06/el-imperio-eres-tu-de-javier-moro/,http://biblioln.es/posts/2012/06/el-imperio-eres-tu-de-javier-moro.html
http://biblioln.es/2013/11/novedades/,http://biblioln.es/posts/2013/11/novedades.html
http://biblioln.es/2013/04/agradecimientos-a-juan-ribera-llopis/,http://biblioln.es/posts/2013/04/agradecimientos-a-juan-ribera-llopis.html
http://biblioln.es/2013/01/visita-de-la-autora-consolacion-gonzalez-rico/,http://biblioln.es/posts/2013/01/visita-de-la-autora-consolacion-gonzalez-rico.html
http://biblioln.es/2014/07/taller-de-comprension-lectora-2/,http://biblioln.es/posts/2014/07/taller-de-comprension-lectora-2.html
http://biblioln.es/la-biblioteca-de-los-navalmorales/calendario-de-eventos/,http://biblioln.es/stories/la-biblioteca-de-los-navalmorales/calendario-de-eventos.html
http://biblioln.es/2011/11/al-llegar-el-invierno-de-rafael-canadilla-saldana/,http://biblioln.es/posts/2011/11/al-llegar-el-invierno-de-rafael-canadilla-saldana.html
http://biblioln.es/2013/11/los-viernes-talleres/,http://biblioln.es/posts/2013/11/los-viernes-talleres.html
http://biblioln.es/2011/11/la-casa-de-los-siete-pecados-mari-p-dominguez/,http://biblioln.es/posts/2011/11/la-casa-de-los-siete-pecados-mari-p-dominguez.html
http://biblioln.es/2013/12/conferencia-sobre-criminologia/,http://biblioln.es/posts/2013/12/conferencia-sobre-criminologia.html
http://biblioln.es/2015/06/cierre-por-vacaciones-16-26-jun-2015/,http://biblioln.es/posts/2015/06/cierre-por-vacaciones-16-26-jun-2015.html
http://biblioln.es/2011/09/hijos-de-un-rey-godo-maria-gudin/,http://biblioln.es/posts/2011/09/hijos-de-un-rey-godo-maria-gudin.html
http://biblioln.es/2011/07/dime-quien-soy-julia-navarro/,http://biblioln.es/posts/2011/07/dime-quien-soy-julia-navarro.html
http://biblioln.es/2012/11/horario-de-invierno/,http://biblioln.es/posts/2012/11/horario-de-invierno.html
http://biblioln.es/2013/11/taller-de-literatura-2013-2014/,http://biblioln.es/posts/2013/11/taller-de-literatura-2013-2014.html
http://biblioln.es/2012/03/visitas-de-alumnos-del-i-e-s-los-navalmorales/,http://biblioln.es/posts/2012/03/visitas-de-alumnos-del-i-e-s-los-navalmorales.html
http://biblioln.es/2015/05/certamen-relato-breve-marivi-fernandez-gonzalez/,http://biblioln.es/posts/2015/05/certamen-relato-breve-marivi-fernandez-gonzalez.html
http://biblioln.es/2012/10/nuevas-peliculas-para-ver-en-familia-este-otono/,http://biblioln.es/posts/2012/10/nuevas-peliculas-para-ver-en-familia-este-otono.html
http://biblioln.es/2011/12/conferencia-de-jose-maria-bravo-profesor-de-enologia/,http://biblioln.es/posts/2011/12/conferencia-de-jose-maria-bravo-profesor-de-enologia.html
http://biblioln.es/la-biblioteca-de-los-navalmorales/,http://biblioln.es/stories/la-biblioteca-de-los-navalmorales.html
http://biblioln.es/2012/01/el-lector-de-cadaveres-antonio-garrido/,http://biblioln.es/posts/2012/01/el-lector-de-cadaveres-antonio-garrido.html
http://biblioln.es/2011/07/44/,http://biblioln.es/stories/2011/07/44.html
http://biblioln.es/2012/09/memoria-del-taller-de-literatura-temporada-2011-2012/,http://biblioln.es/posts/2012/09/memoria-del-taller-de-literatura-temporada-2011-2012.html
http://biblioln.es/?p=477,http://biblioln.es/posts/477.html
http://biblioln.es/2015/05/club-de-lectura-jovenes-lectores/,http://biblioln.es/posts/2015/05/club-de-lectura-jovenes-lectores.html
http://biblioln.es/2012/09/cerramos-unos-dias-por-vacaciones/,http://biblioln.es/posts/2012/09/cerramos-unos-dias-por-vacaciones.html
http://biblioln.es/la-biblioteca-de-los-navalmorales/reglamento-de-la-biblioteca-publica-municipal-de-los-navalmorales/,http://biblioln.es/stories/la-biblioteca-de-los-navalmorales/reglamento-de-la-biblioteca-publica-municipal-de-los-navalmorales.html
http://biblioln.es/2012/06/cancion-de-hielo-y-fuego-1-juego-de-tronos-de-george-martin/,http://biblioln.es/posts/2012/06/cancion-de-hielo-y-fuego-1-juego-de-tronos-de-george-martin.html
http://biblioln.es/2012/06/conferencia-impartida-por-ma-victoria-navas-sanchez-elez/,http://biblioln.es/posts/2012/06/conferencia-impartida-por-ma-victoria-navas-sanchez-elez.html
http://biblioln.es/2015/06/xvii-encuentro-provincial-de-clubes-de-lectura/,http://biblioln.es/posts/2015/06/xvii-encuentro-provincial-de-clubes-de-lectura.html
http://biblioln.es/2011/10/informacion-de-la-biblioteca/,http://biblioln.es/posts/2011/10/informacion-de-la-biblioteca.html
http://biblioln.es/2014/04/el-cretense/,http://biblioln.es/posts/2014/04/el-cretense.html
http://biblioln.es/2014/08/nuevas-adquisiciones-2/,http://biblioln.es/posts/2014/08/nuevas-adquisiciones-2.html
http://biblioln.es/2013/03/dia-mundial-de-la-poesia/,http://biblioln.es/posts/2013/03/dia-mundial-de-la-poesia.html
http://biblioln.es/2012/10/novedades-para-adultos/,http://biblioln.es/posts/2012/10/novedades-para-adultos.html
http://biblioln.es/2014/11/novedades-2/,http://biblioln.es/posts/2014/11/novedades-2.html
http://biblioln.es/2012/09/novedades-infantil/,http://biblioln.es/posts/2012/09/novedades-infantil.html
http://biblioln.es/2012/06/el-enredo-de-la-bolsa-y-la-vida-eduardo-mendoza/,http://biblioln.es/posts/2012/06/el-enredo-de-la-bolsa-y-la-vida-eduardo-mendoza.html
http://biblioln.es/2013/09/nuevas-adquisiciones/,http://biblioln.es/posts/2013/09/nuevas-adquisiciones.html
http://biblioln.es/2013/04/conferencia-por-d-juan-ribera-llopis/,http://biblioln.es/posts/2013/04/conferencia-por-d-juan-ribera-llopis.html
http://biblioln.es/2015/01/1181/,http://biblioln.es/stories/2015/01/1181.html
http://biblioln.es/2015/04/novedades-literatura-adultos/,http://biblioln.es/posts/2015/04/novedades-literatura-adultos.html
http://biblioln.es/2014/09/taller-de-literatura-2014-2015/,http://biblioln.es/posts/2014/09/taller-de-literatura-2014-2015.html
http://biblioln.es/2015/02/antonio-machado-un-gran-poeta/,http://biblioln.es/posts/2015/02/antonio-machado-un-gran-poeta.html
http://biblioln.es/2011/09/la-tierra-de-las-cuevas-pintadas-jean-m-auel/,http://biblioln.es/posts/2011/09/la-tierra-de-las-cuevas-pintadas-jean-m-auel.html
http://biblioln.es/2014/12/los-viernes-talleres-2/,http://biblioln.es/posts/2014/12/los-viernes-talleres-2.html
http://biblioln.es/2014/03/proximas-actividades-en-el-taller-de-literatura/,http://biblioln.es/posts/2014/03/proximas-actividades-en-el-taller-de-literatura.html
http://biblioln.es/2014/11/bebeteca-2014/,http://biblioln.es/posts/2014/11/bebeteca-2014.html
http://biblioln.es/2012/12/novedades-infantil-2/,http://biblioln.es/posts/2012/12/novedades-infantil-2.html
http://biblioln.es/2011/11/perdona-si-te-llamo-amor-federico-moccia/,http://biblioln.es/posts/2011/11/perdona-si-te-llamo-amor-federico-moccia.html
http://biblioln.es/2015/01/1179/,http://biblioln.es/stories/2015/01/1179.html
http://biblioln.es/2013/10/en-la-biblioteca-en-este-curso-2013-2014-se-van-a-realizar-las-siguientes-actividades/,http://biblioln.es/posts/2013/10/en-la-biblioteca-en-este-curso-2013-2014-se-van-a-realizar-las-siguientes-actividades.html
http://biblioln.es/2011/11/las-huellas-imborrables-camilla-lackberg/,http://biblioln.es/posts/2011/11/las-huellas-imborrables-camilla-lackberg.html
http://biblioln.es/2013/05/23-de-abril-dia-del-libro-2013/,http://biblioln.es/posts/2013/05/23-de-abril-dia-del-libro-2013.html
http://biblioln.es/?p=353,http://biblioln.es/posts/visita-de-los-alumnos-de-e-s-o-a-la-biblioteca.html
http://biblioln.es/2013/10/horario-de-invierno-2/,http://biblioln.es/posts/2013/10/horario-de-invierno-2.html
http://biblioln.es/2014/03/conferencia-impartida-por-juan-jose-ortega-roman/,http://biblioln.es/posts/2014/03/conferencia-impartida-por-juan-jose-ortega-roman.html
http://biblioln.es/2013/01/articulo-de-consolacion-gonzalez-rico/,http://biblioln.es/posts/2013/01/articulo-de-consolacion-gonzalez-rico.html
http://biblioln.es/2011/11/yo-el-rey-de-juan-antonio-vallejo-nagera/,http://biblioln.es/posts/2011/11/yo-el-rey-de-juan-antonio-vallejo-nagera.html
